day,pct
12.2,2.82
13.8,3.58
15.4,3.58
17.0,4.34
18.6,5.1
20.2,5.1
21.8,5.1
23.4,5.1
25.0,3.58
26.6,3.58
28.2,3.58
29.8,3.58
31.4,3.58
33.0,5.1
34.6,5.1
36.2,6.62
37.8,8.15
39.4,8.15
41.0,8.91
42.6,8.91
44.3,8.91
45.9,8.91
47.5,8.15
49.1,8.15
50.7,8.91
52.3,9.67
53.9,8.91
55.5,8.91
57.1,9.67
58.7,9.67
60.3,10.43
61.9,10.43
63.5,11.19
65.1,11.19
66.7,11.19
68.3,12.71
69.9,12.71
71.5,11.95
73.1,11.95
74.7,11.95
76.3,11.19
77.9,11.19
79.5,12.71
81.1,14.23
82.7,14.23
84.3,12.71
85.9,12.71
87.5,13.47
89.1,14.23
90.7,15.75
92.4,15.75
94.0,15.75
95.6,15.75
97.2,15.75
98.8,16.51
100.4,17.27
102.0,17.27
103.6,18.79
105.2,18.79
106.8,18.79
108.4,20.31
110.0,20.31
111.6,18.03
113.2,18.03
114.8,18.79
116.4,20.31
118.0,20.31
119.6,21.83
121.2,21.83
122.8,23.35
124.4,24.11
126.0,25.63
127.6,27.15
129.2,27.91
130.8,27.91
132.4,26.39
134.0,26.39
135.6,27.91
137.2,30.19
138.8,31.71
140.4,33.23
142.1,33.99
143.7,36.27
145.3,35.51
146.9,33.99
148.5,32.47
150.1,33.23
151.7,35.51
153.3,37.79
154.9,37.03
156.5,36.27
158.1,34.75
159.7,35.51
161.3,37.03
162.9,37.03
164.5,38.55
166.1,40.07
167.7,40.07
169.3,40.83
170.9,40.07
172.5,40.07
174.1,39.31
175.7,38.55
177.3,37.79
178.9,40.83
180.5,41.59
182.1,43.11
183.7,44.63
185.3,46.15
186.9,46.15
188.5,45.39
190.2,43.87
191.8,45.39
193.4,43.87
195.0,42.35
196.6,42.35
198.2,42.35
199.8,40.07
201.4,39.31
203.0,37.03
204.6,37.03
206.2,36.27
207.8,37.79
209.4,40.83
211.0,41.59
212.6,43.11
214.2,43.11
215.8,40.83
217.4,40.07
219.0,40.83
220.6,42.35
222.2,44.63
223.8,45.39
225.4,43.87
227.0,44.63
228.6,45.39
230.2,43.87
231.8,43.11
233.4,42.35
235.0,41.59
236.6,40.07
238.3,42.35
239.9,43.11
241.5,44.63
243.1,45.39
244.7,46.15
246.3,43.87
247.9,44.63
249.5,43.87
251.1,43.11
252.7,40.83
254.3,39.31
255.9,40.83
257.5,42.35
259.1,43.11
260.7,43.11
262.3,43.87
263.9,43.11
265.5,40.83
267.1,39.31
268.7,38.55
270.3,37.03
271.9,36.27
273.5,37.79
275.1,39.31
276.7,40.83
278.3,42.35
279.9,42.35
281.5,43.11
283.1,44.63
284.7,46.91
286.3,48.43
288.0,49.19
289.6,49.19
291.2,49.19
292.8,49.19
294.4,49.19
296.0,49.19
297.6,49.19
299.2,52.23
300.8,52.23
302.4,50.71
304.0,49.95
305.6,48.43
307.2,49.19
308.8,48.43
310.4,47.67
312.0,47.67
313.6,49.95
315.2,51.47
316.8,51.47
318.4,50.71
320.0,49.95
321.6,49.19
323.2,49.95
324.8,50.71
326.4,52.23
328.0,52.23
329.6,52.99
331.2,50.71
332.8,50.71
334.4,52.23
336.1,52.99
337.7,55.27
339.3,57.55
340.9,59.83
342.5,61.35
344.1,62.87
345.7,62.87
347.3,62.11
348.9,61.35
350.5,62.11
352.1,63.63
353.7,65.15
355.3,67.43
356.9,68.95
358.5,70.47
360.1,70.47
361.7,70.47
363.3,70.47
364.9,68.95
366.5,68.95
368.1,69.71
369.7,70.47
371.3,70.47
372.9,68.95
374.5,68.95
376.1,68.19
377.7,65.91
379.3,63.63
380.9,61.35
382.5,60.59
384.2,61.35
385.8,60.59
387.4,62.11
389.0,62.87
390.6,61.35
392.2,60.59
393.8,59.07
395.4,49.95
397.0,49.19
398.6,47.67
400.2,48.43
401.8,49.19
403.4,46.91
405.0,45.39
406.6,45.39
408.2,46.91
409.8,48.43
411.4,47.67
413.0,55.27
414.6,55.27
416.2,56.03
417.8,56.03
419.4,55.27
421.0,55.27
422.6,55.27
424.2,56.03
425.8,56.79
427.4,57.55
429.0,59.07
430.6,59.07
435.5,58.31
437.1,57.55
438.7,59.83
440.3,61.35
441.9,62.87
443.5,65.15
445.1,66.67
446.7,66.67
448.3,65.91
449.9,67.43
451.5,67.43
453.1,68.19
454.7,69.71
456.3,70.47
457.9,70.47
459.5,69.71
461.1,70.47
462.7,71.99
464.3,71.23
465.9,69.71
467.5,67.43
469.1,67.43
470.7,67.43
472.3,65.91
473.9,66.67
475.5,67.43
477.1,68.95
478.7,69.71
480.3,71.23
482.0,72.75
483.6,72.75
485.2,73.51
486.8,71.99
488.4,72.75
490.0,72.75
491.6,74.27
493.2,75.03
494.8,76.55
496.4,78.07
498.0,78.07
499.6,79.59
501.2,78.83
502.8,78.83
504.4,76.55
506.0,75.79
507.6,77.31
509.2,78.83
510.8,77.31
514.0,78.07
515.6,77.31
517.2,78.07
518.8,79.59
520.4,81.11
522.0,81.87
523.6,83.39
525.2,83.39
526.8,84.15
528.4,86.43
530.1,88.71
531.7,88.71
533.3,87.19
534.9,85.67
536.5,86.43
538.1,87.19
539.7,87.19
541.3,86.43
542.9,84.91
544.5,84.15
546.1,84.91
547.7,87.19
549.3,86.43
550.9,84.91
552.5,83.39
554.1,83.39
555.7,81.87
557.3,80.35
558.9,80.35
560.5,81.11
562.1,80.35
563.7,80.35
565.3,78.83
566.9,75.79
568.5,74.27
570.1,72.75
571.7,71.23
573.3,71.23
574.9,71.23
576.5,69.71
578.1,67.43
579.8,67.43
581.4,69.71
583.0,70.47
584.6,69.71
586.2,67.43
587.8,65.91
589.4,65.91
591.0,65.91
592.6,65.91
594.2,66.67
595.8,66.67
597.4,68.95
599.0,72.75
600.6,77.31
602.2,80.35
603.8,81.87
605.4,82.63
607.0,83.39
608.6,84.15
610.2,84.91
611.8,84.91
613.4,86.43
615.0,90.23
616.6,91.75
618.2,91.75
619.8,91.75
621.4,91.75
623.0,89.47
624.6,91.75
626.2,92.51
627.9,92.51
629.5,94.03
631.1,96.31
632.7,97.07
634.3,97.83
635.9,98.59
637.5,98.59
639.1,97.83
640.7,97.83
642.3,97.83
643.9,99.35
645.5,101.63
647.1,103.91
648.7,106.19
650.3,110.75
651.9,112.27
653.5,113.03
655.1,112.27
656.7,113.03
658.3,114.55
659.9,114.55
661.5,116.07
663.1,118.35
664.7,119.87
666.3,122.15
667.9,121.39
669.5,119.11
671.1,116.83
672.7,116.07
674.3,116.83
676.0,119.11
677.6,120.63
679.2,119.87
680.8,118.35
682.4,117.59
684.0,118.35
685.6,120.63
687.2,122.91
688.8,124.43
690.4,125.19
692.0,125.19
693.6,126.71
695.2,126.71
696.8,128.99
698.4,130.51
700.0,132.03
701.6,131.27
703.2,131.27
704.8,131.27
706.4,132.03
708.0,134.31
709.6,136.59
711.2,138.11
712.8,138.87
714.4,137.35
716.0,132.79
717.6,132.79
719.2,132.03
720.8,131.27
722.4,122.15
724.0,119.87
725.7,114.55
727.3,117.59
728.9,119.11
730.5,122.15
732.1,122.15
733.7,118.35
735.3,116.07
736.9,116.07
738.5,116.83
740.1,119.87
741.7,121.39
743.3,119.87
744.9,119.11
746.5,120.63
748.1,120.63
749.7,121.39
751.3,122.91
752.9,122.91
754.5,120.63
756.1,116.83
757.7,113.79
759.3,112.27
760.9,110.75
762.5,109.23
764.1,107.71
765.7,108.47
767.3,111.51
768.9,113.03
770.5,116.07
772.1,116.07
773.8,112.27
775.4,110.75
777.0,110.75
778.6,113.03
780.2,115.31
781.8,116.07
783.4,115.31
785.0,115.31
786.6,117.59
788.2,119.87
789.8,124.43
791.4,126.71
793.0,129.75
794.6,131.27
796.2,133.55
797.8,134.31
799.4,134.31
801.0,134.31
802.6,137.35
804.2,138.87
805.8,141.15
807.4,141.91
809.0,141.91
810.6,138.11
812.2,138.11
813.8,137.35
815.4,138.87
817.0,141.91
818.6,144.19
820.2,144.19
821.9,145.71
823.5,145.71
825.1,147.23
826.7,149.51
828.3,149.51
829.9,150.27
831.5,151.79
833.1,151.79
834.7,151.03
836.3,148.75
837.9,150.27
839.5,153.31
841.1,154.83
842.7,157.87
844.3,160.15
845.9,157.11
847.5,155.59
849.1,152.55
850.7,152.55
852.3,154.83
853.9,154.83
855.5,154.07
857.1,153.31
858.7,153.31
860.3,154.83
861.9,154.07
863.5,152.55
865.1,150.27
866.7,147.99
868.3,146.47
869.9,143.43
871.6,142.67
873.2,141.15
874.8,141.91
876.4,142.67
878.0,143.43
879.6,141.91
881.2,138.87
882.8,139.63
884.4,140.39
886.0,146.47
887.6,150.27
889.2,152.55
890.8,157.11
892.4,158.63
894.0,160.15
895.6,160.91
897.2,163.19
898.8,163.95
900.4,167.75
902.0,170.03
903.6,172.31
905.2,174.59
906.8,172.31
908.4,169.27
910.0,166.23
911.6,161.67
913.2,160.91
914.8,154.83
916.4,152.55
918.0,147.99
919.7,147.99
921.3,149.51
922.9,148.75
924.5,147.99
926.1,149.51
927.7,150.27
929.3,149.51
930.9,147.23
932.5,138.11
934.1,127.47
935.7,122.15
937.3,115.31
938.9,115.31
940.5,120.63
942.1,121.39
943.7,122.91
945.3,124.43
946.9,128.23
948.5,128.23
950.1,132.03
951.7,134.31
953.3,136.59
954.9,137.35
956.5,131.27
958.1,124.43
959.7,116.83
961.3,106.19
962.9,101.63
964.5,103.15
966.1,107.71
967.8,114.55
969.4,118.35
971.0,125.19
972.6,128.23
974.2,132.03
975.8,135.07
977.4,138.11
979.0,141.91
980.6,144.95
982.2,149.51
983.8,151.03
985.4,153.31
987.0,154.07
988.6,154.07
990.2,154.83
991.8,158.63
993.4,163.19
995.0,165.47
996.6,170.03
998.2,170.79
999.8,171.55
1001.4,171.55
1003.0,173.83
1004.6,175.35
1006.2,178.39
1007.8,175.35
1009.4,173.83
1011.0,176.87
1012.6,182.95
1014.2,187.51
1015.8,193.59
1017.5,195.11
1019.1,198.15
1020.7,201.19
1022.3,206.52
1023.9,211.08
1025.5,217.16
1027.1,221.72
1028.7,219.44
1030.3,217.92
1031.9,220.96
1033.5,224.0
1035.1,224.76
1036.7,225.52
1038.3,233.12
1039.9,236.92
1041.5,240.72
1043.1,236.16
1044.7,233.12
1046.3,226.28
1047.9,222.48
1049.5,221.72
1051.1,217.92
1052.7,214.12
1054.3,215.64
1055.9,217.92
1057.5,219.44
1059.1,217.16
1060.7,212.6
1062.3,214.88
1063.9,219.44
1065.6,222.48
1067.2,228.56
1068.8,229.32
1070.4,230.08
1072.0,233.12
1073.6,232.36
1075.2,227.04
1076.8,225.52
1078.4,229.32
1080.0,234.64
1081.6,237.68
1083.2,243.0
1084.8,244.52
1086.4,249.08
1088.0,252.12
1089.6,249.84
1091.2,249.08
1092.8,236.16
1094.4,233.12
1096.0,236.16
1097.6,246.04
1099.2,253.64
1100.8,255.16
1102.4,252.12
1104.0,245.28
1105.6,243.76
1107.2,243.0
1108.8,246.8
1110.4,249.84
1112.0,252.12
1113.7,251.36
1115.3,249.84
1116.9,246.04
1118.5,239.96
1120.1,234.64
1121.7,231.6
1123.3,233.12
1124.9,233.12
1126.5,236.92
1128.1,237.68
1129.7,241.48
1131.3,237.68
1132.9,236.16
1134.5,238.44
1136.1,243.0
1137.7,250.6
1139.3,255.16
1140.9,252.88
1142.5,254.4
1144.1,258.2
1145.7,266.56
1147.3,271.12
1148.9,276.44
1150.5,278.72
1152.1,280.24
1153.7,284.8
1155.3,286.32
1156.9,283.28
1158.5,281.0
1160.1,270.36
1161.7,268.08
1163.4,265.04
1165.0,265.8
1166.6,262.0
1168.2,255.16
1169.8,252.88
1171.4,246.8
1173.0,246.04
1174.6,250.6
1176.2,255.16
1177.8,258.96
1179.4,262.76
1181.0,266.56
1182.6,271.12
1184.2,276.44
1185.8,277.96
1187.4,275.68
1189.0,276.44
1190.6,281.76
1192.2,281.76
1193.8,290.12
1195.4,290.12
1197.0,290.12
1198.6,287.84
1200.2,290.12
1201.8,290.12
1203.4,285.56
1205.0,282.52
1206.6,277.2
1208.2,276.44
1209.8,277.96
1211.5,281.76
1213.1,284.8
1214.7,292.4
1216.3,293.92
1217.9,288.6
1219.5,281.76
1221.1,275.68
1222.7,274.92
1224.3,275.68
1225.9,284.04
1227.5,287.84
1229.1,293.16
1230.7,296.96
1232.3,306.84
1233.9,316.72
1235.5,321.28
1237.1,327.36
1238.7,334.2
1240.3,339.52
1241.9,344.84
1243.5,350.16
1245.1,356.24
1246.7,361.56
1248.3,364.6
1249.9,364.6
1251.5,363.84
1253.1,368.4
1254.7,375.24
1256.3,382.84
1257.9,391.96
1259.6,395.0
1261.2,395.0
1262.8,400.33
1264.4,412.49
1266.0,421.61
1267.6,430.73
1269.2,442.89
1270.8,448.21
1272.4,452.77
1274.0,449.73
1275.6,438.33
1277.2,432.25
1278.8,432.25
1280.4,438.33
1282.0,440.61
1283.6,447.45
1285.2,461.13
1286.8,469.49
1288.4,469.49
1290.0,460.37
1291.6,451.25
1293.2,443.65
1294.8,455.05
1296.4,467.21
1298.0,483.17
1299.6,496.85
1301.2,505.97
1302.8,506.73
1304.4,510.53
1306.0,512.05
1307.6,510.53
1309.3,515.85
1310.9,517.37
1312.5,539.41
1314.1,543.21
1315.7,556.13
1317.3,562.21
1318.9,576.65
1320.5,578.17
1322.1,566.01
1323.7,559.93
1325.3,544.73
1326.9,542.45
1328.5,547.77
1330.1,557.65
1331.7,566.77
1333.3,549.29
1334.9,543.97
1336.5,507.49
1338.1,496.85
